--
-- PostgreSQL database dump
--

-- Dumped from database version 16.4
-- Dumped by pg_dump version 16.8 (Homebrew)

SET statement_timeout = 0;
SET lock_timeout = 0;
SET idle_in_transaction_session_timeout = 0;
SET client_encoding = 'UTF8';
SET standard_conforming_strings = on;
SELECT pg_catalog.set_config('search_path', '', false);
SET check_function_bodies = false;
SET xmloption = content;
SET client_min_messages = warning;
SET row_security = off;

--
-- Name: public; Type: SCHEMA; Schema: -; Owner: postgres
--

-- *not* creating schema, since initdb creates it


ALTER SCHEMA public OWNER TO postgres;

--
-- Name: SCHEMA public; Type: COMMENT; Schema: -; Owner: postgres
--

COMMENT ON SCHEMA public IS '';


--
-- Name: tiger; Type: SCHEMA; Schema: -; Owner: postgres
--

CREATE SCHEMA tiger;


ALTER SCHEMA tiger OWNER TO postgres;

--
-- Name: tiger_data; Type: SCHEMA; Schema: -; Owner: postgres
--

CREATE SCHEMA tiger_data;


ALTER SCHEMA tiger_data OWNER TO postgres;

--
-- Name: topology; Type: SCHEMA; Schema: -; Owner: postgres
--

CREATE SCHEMA topology;


ALTER SCHEMA topology OWNER TO postgres;

--
-- Name: SCHEMA topology; Type: COMMENT; Schema: -; Owner: postgres
--

COMMENT ON SCHEMA topology IS 'PostGIS Topology schema';


--
-- Name: fuzzystrmatch; Type: EXTENSION; Schema: -; Owner: -
--

CREATE EXTENSION IF NOT EXISTS fuzzystrmatch WITH SCHEMA public;


--
-- Name: EXTENSION fuzzystrmatch; Type: COMMENT; Schema: -; Owner: 
--

COMMENT ON EXTENSION fuzzystrmatch IS 'determine similarities and distance between strings';


--
-- Name: postgis; Type: EXTENSION; Schema: -; Owner: -
--

CREATE EXTENSION IF NOT EXISTS postgis WITH SCHEMA public;


--
-- Name: EXTENSION postgis; Type: COMMENT; Schema: -; Owner: 
--

COMMENT ON EXTENSION postgis IS 'PostGIS geometry and geography spatial types and functions';


--
-- Name: postgis_tiger_geocoder; Type: EXTENSION; Schema: -; Owner: -
--

CREATE EXTENSION IF NOT EXISTS postgis_tiger_geocoder WITH SCHEMA tiger;


--
-- Name: EXTENSION postgis_tiger_geocoder; Type: COMMENT; Schema: -; Owner: 
--

COMMENT ON EXTENSION postgis_tiger_geocoder IS 'PostGIS tiger geocoder and reverse geocoder';


--
-- Name: postgis_topology; Type: EXTENSION; Schema: -; Owner: -
--

CREATE EXTENSION IF NOT EXISTS postgis_topology WITH SCHEMA topology;


--
-- Name: EXTENSION postgis_topology; Type: COMMENT; Schema: -; Owner: 
--

COMMENT ON EXTENSION postgis_topology IS 'PostGIS topology spatial types and functions';


SET default_tablespace = '';

SET default_table_access_method = heap;

--
-- Name: auth_user_group_roles; Type: TABLE; Schema: public; Owner: postgres
--

CREATE TABLE public.auth_user_group_roles (
    auth_user_id bigint NOT NULL,
    group_id bigint NOT NULL,
    role_id bigint NOT NULL
);


ALTER TABLE public.auth_user_group_roles OWNER TO postgres;

--
-- Name: auth_users; Type: TABLE; Schema: public; Owner: postgres
--

CREATE TABLE public.auth_users (
    id bigint NOT NULL,
    name character varying,
    email character varying,
    password character varying,
    idno character varying,
    uuid character varying,
    tp_account character varying,
    member_type character varying,
    verify_level character varying,
    is_admin boolean DEFAULT false,
    is_active boolean DEFAULT true,
    is_whitelist boolean DEFAULT false,
    is_blacked boolean DEFAULT false,
    expired_at timestamp with time zone,
    created_at timestamp with time zone,
    login_at timestamp with time zone,
    CONSTRAINT chk_auth_users_email CHECK (((email)::text ~* '^[a-zA-Z0-9._%+-]+@[a-zA-Z0-9.-]+\.[a-zA-Z]{2,}$'::text))
);


ALTER TABLE public.auth_users OWNER TO postgres;

--
-- Name: auth_users_id_seq; Type: SEQUENCE; Schema: public; Owner: postgres
--

CREATE SEQUENCE public.auth_users_id_seq
    START WITH 1
    INCREMENT BY 1
    NO MINVALUE
    NO MAXVALUE
    CACHE 1;


ALTER SEQUENCE public.auth_users_id_seq OWNER TO postgres;

--
-- Name: auth_users_id_seq; Type: SEQUENCE OWNED BY; Schema: public; Owner: postgres
--

ALTER SEQUENCE public.auth_users_id_seq OWNED BY public.auth_users.id;


--
-- Name: component_charts; Type: TABLE; Schema: public; Owner: postgres
--

CREATE TABLE public.component_charts (
    index character varying NOT NULL,
    color character varying[],
    types character varying[],
    unit character varying
);


ALTER TABLE public.component_charts OWNER TO postgres;

--
-- Name: component_maps; Type: TABLE; Schema: public; Owner: postgres
--

CREATE TABLE public.component_maps (
    id bigint NOT NULL,
    index character varying NOT NULL,
    title character varying NOT NULL,
    type character varying NOT NULL,
    source character varying NOT NULL,
    size character varying,
    icon character varying,
    paint json,
    property json
);


ALTER TABLE public.component_maps OWNER TO postgres;

--
-- Name: component_maps_id_seq; Type: SEQUENCE; Schema: public; Owner: postgres
--

CREATE SEQUENCE public.component_maps_id_seq
    START WITH 1
    INCREMENT BY 1
    NO MINVALUE
    NO MAXVALUE
    CACHE 1;


ALTER SEQUENCE public.component_maps_id_seq OWNER TO postgres;

--
-- Name: component_maps_id_seq; Type: SEQUENCE OWNED BY; Schema: public; Owner: postgres
--

ALTER SEQUENCE public.component_maps_id_seq OWNED BY public.component_maps.id;


--
-- Name: components; Type: TABLE; Schema: public; Owner: postgres
--

CREATE TABLE public.components (
    id bigint NOT NULL,
    index character varying NOT NULL,
    name character varying NOT NULL
);


ALTER TABLE public.components OWNER TO postgres;

--
-- Name: components_id_seq; Type: SEQUENCE; Schema: public; Owner: postgres
--

CREATE SEQUENCE public.components_id_seq
    START WITH 1
    INCREMENT BY 1
    NO MINVALUE
    NO MAXVALUE
    CACHE 1;


ALTER SEQUENCE public.components_id_seq OWNER TO postgres;

--
-- Name: components_id_seq; Type: SEQUENCE OWNED BY; Schema: public; Owner: postgres
--

ALTER SEQUENCE public.components_id_seq OWNED BY public.components.id;


--
-- Name: contributors; Type: TABLE; Schema: public; Owner: postgres
--

CREATE TABLE public.contributors (
    id bigint NOT NULL,
    user_id character varying NOT NULL,
    user_name character varying NOT NULL,
    image text,
    link text NOT NULL,
    identity character varying,
    description text,
    include boolean DEFAULT false NOT NULL,
    created_at timestamp with time zone NOT NULL,
    updated_at timestamp with time zone NOT NULL
);


ALTER TABLE public.contributors OWNER TO postgres;

--
-- Name: contributors_id_seq; Type: SEQUENCE; Schema: public; Owner: postgres
--

CREATE SEQUENCE public.contributors_id_seq
    START WITH 1
    INCREMENT BY 1
    NO MINVALUE
    NO MAXVALUE
    CACHE 1;


ALTER SEQUENCE public.contributors_id_seq OWNER TO postgres;

--
-- Name: contributors_id_seq; Type: SEQUENCE OWNED BY; Schema: public; Owner: postgres
--

ALTER SEQUENCE public.contributors_id_seq OWNED BY public.contributors.id;


--
-- Name: dashboard_groups; Type: TABLE; Schema: public; Owner: postgres
--

CREATE TABLE public.dashboard_groups (
    dashboard_id bigint NOT NULL,
    group_id bigint NOT NULL
);


ALTER TABLE public.dashboard_groups OWNER TO postgres;

--
-- Name: dashboards; Type: TABLE; Schema: public; Owner: postgres
--

CREATE TABLE public.dashboards (
    id bigint NOT NULL,
    index character varying NOT NULL,
    name character varying NOT NULL,
    components integer[],
    icon text,
    updated_at timestamp with time zone NOT NULL,
    created_at timestamp with time zone NOT NULL
);


ALTER TABLE public.dashboards OWNER TO postgres;

--
-- Name: dashboards_id_seq; Type: SEQUENCE; Schema: public; Owner: postgres
--

CREATE SEQUENCE public.dashboards_id_seq
    START WITH 1
    INCREMENT BY 1
    NO MINVALUE
    NO MAXVALUE
    CACHE 1;


ALTER SEQUENCE public.dashboards_id_seq OWNER TO postgres;

--
-- Name: dashboards_id_seq; Type: SEQUENCE OWNED BY; Schema: public; Owner: postgres
--

ALTER SEQUENCE public.dashboards_id_seq OWNED BY public.dashboards.id;


--
-- Name: groups; Type: TABLE; Schema: public; Owner: postgres
--

CREATE TABLE public.groups (
    id bigint NOT NULL,
    name character varying,
    is_personal boolean DEFAULT false,
    create_by bigint
);


ALTER TABLE public.groups OWNER TO postgres;

--
-- Name: groups_id_seq; Type: SEQUENCE; Schema: public; Owner: postgres
--

CREATE SEQUENCE public.groups_id_seq
    START WITH 1
    INCREMENT BY 1
    NO MINVALUE
    NO MAXVALUE
    CACHE 1;


ALTER SEQUENCE public.groups_id_seq OWNER TO postgres;

--
-- Name: groups_id_seq; Type: SEQUENCE OWNED BY; Schema: public; Owner: postgres
--

ALTER SEQUENCE public.groups_id_seq OWNED BY public.groups.id;


--
-- Name: incidents; Type: TABLE; Schema: public; Owner: postgres
--

CREATE TABLE public.incidents (
    id bigint NOT NULL,
    type text,
    description text,
    distance numeric,
    latitude numeric,
    longitude numeric,
    place text,
    "time" timestamp with time zone,
    status text
);


ALTER TABLE public.incidents OWNER TO postgres;

--
-- Name: incidents_id_seq; Type: SEQUENCE; Schema: public; Owner: postgres
--

CREATE SEQUENCE public.incidents_id_seq
    START WITH 1
    INCREMENT BY 1
    NO MINVALUE
    NO MAXVALUE
    CACHE 1;


ALTER SEQUENCE public.incidents_id_seq OWNER TO postgres;

--
-- Name: incidents_id_seq; Type: SEQUENCE OWNED BY; Schema: public; Owner: postgres
--

ALTER SEQUENCE public.incidents_id_seq OWNED BY public.incidents.id;


--
-- Name: issues; Type: TABLE; Schema: public; Owner: postgres
--

CREATE TABLE public.issues (
    id bigint NOT NULL,
    title character varying NOT NULL,
    user_name character varying NOT NULL,
    user_id character varying NOT NULL,
    context text,
    description text NOT NULL,
    decision_desc text,
    status character varying NOT NULL,
    updated_by character varying NOT NULL,
    created_at timestamp with time zone NOT NULL,
    updated_at timestamp with time zone NOT NULL
);


ALTER TABLE public.issues OWNER TO postgres;

--
-- Name: issues_id_seq; Type: SEQUENCE; Schema: public; Owner: postgres
--

CREATE SEQUENCE public.issues_id_seq
    START WITH 1
    INCREMENT BY 1
    NO MINVALUE
    NO MAXVALUE
    CACHE 1;


ALTER SEQUENCE public.issues_id_seq OWNER TO postgres;

--
-- Name: issues_id_seq; Type: SEQUENCE OWNED BY; Schema: public; Owner: postgres
--

ALTER SEQUENCE public.issues_id_seq OWNED BY public.issues.id;


--
-- Name: query_charts; Type: TABLE; Schema: public; Owner: postgres
--

CREATE TABLE public.query_charts (
    index character varying,
    history_config json,
    map_config_ids integer[],
    map_filter json,
    time_from character varying,
    time_to character varying,
    update_freq integer,
    update_freq_unit character varying,
    source character varying,
    short_desc text,
    long_desc text,
    use_case text,
    links text[],
    contributors text[],
    created_at timestamp with time zone,
    updated_at timestamp with time zone,
    query_type character varying,
    query_chart text,
    query_history text,
    city text
);


ALTER TABLE public.query_charts OWNER TO postgres;

--
-- Name: roles; Type: TABLE; Schema: public; Owner: postgres
--

CREATE TABLE public.roles (
    id bigint NOT NULL,
    name character varying,
    access_control boolean DEFAULT false,
    modify boolean DEFAULT false,
    read boolean DEFAULT false
);


ALTER TABLE public.roles OWNER TO postgres;

--
-- Name: roles_id_seq; Type: SEQUENCE; Schema: public; Owner: postgres
--

CREATE SEQUENCE public.roles_id_seq
    START WITH 1
    INCREMENT BY 1
    NO MINVALUE
    NO MAXVALUE
    CACHE 1;


ALTER SEQUENCE public.roles_id_seq OWNER TO postgres;

--
-- Name: roles_id_seq; Type: SEQUENCE OWNED BY; Schema: public; Owner: postgres
--

ALTER SEQUENCE public.roles_id_seq OWNED BY public.roles.id;


--
-- Name: view_points; Type: TABLE; Schema: public; Owner: postgres
--

CREATE TABLE public.view_points (
    id bigint NOT NULL,
    user_id bigint NOT NULL,
    center_x numeric,
    center_y numeric,
    zoom numeric,
    pitch numeric,
    bearing numeric,
    name text,
    point_type text
);


ALTER TABLE public.view_points OWNER TO postgres;

--
-- Name: view_points_id_seq; Type: SEQUENCE; Schema: public; Owner: postgres
--

CREATE SEQUENCE public.view_points_id_seq
    START WITH 1
    INCREMENT BY 1
    NO MINVALUE
    NO MAXVALUE
    CACHE 1;


ALTER SEQUENCE public.view_points_id_seq OWNER TO postgres;

--
-- Name: view_points_id_seq; Type: SEQUENCE OWNED BY; Schema: public; Owner: postgres
--

ALTER SEQUENCE public.view_points_id_seq OWNED BY public.view_points.id;


--
-- Name: auth_users id; Type: DEFAULT; Schema: public; Owner: postgres
--

ALTER TABLE ONLY public.auth_users ALTER COLUMN id SET DEFAULT nextval('public.auth_users_id_seq'::regclass);


--
-- Name: component_maps id; Type: DEFAULT; Schema: public; Owner: postgres
--

ALTER TABLE ONLY public.component_maps ALTER COLUMN id SET DEFAULT nextval('public.component_maps_id_seq'::regclass);


--
-- Name: components id; Type: DEFAULT; Schema: public; Owner: postgres
--

ALTER TABLE ONLY public.components ALTER COLUMN id SET DEFAULT nextval('public.components_id_seq'::regclass);


--
-- Name: contributors id; Type: DEFAULT; Schema: public; Owner: postgres
--

ALTER TABLE ONLY public.contributors ALTER COLUMN id SET DEFAULT nextval('public.contributors_id_seq'::regclass);


--
-- Name: dashboards id; Type: DEFAULT; Schema: public; Owner: postgres
--

ALTER TABLE ONLY public.dashboards ALTER COLUMN id SET DEFAULT nextval('public.dashboards_id_seq'::regclass);


--
-- Name: groups id; Type: DEFAULT; Schema: public; Owner: postgres
--

ALTER TABLE ONLY public.groups ALTER COLUMN id SET DEFAULT nextval('public.groups_id_seq'::regclass);


--
-- Name: incidents id; Type: DEFAULT; Schema: public; Owner: postgres
--

ALTER TABLE ONLY public.incidents ALTER COLUMN id SET DEFAULT nextval('public.incidents_id_seq'::regclass);


--
-- Name: issues id; Type: DEFAULT; Schema: public; Owner: postgres
--

ALTER TABLE ONLY public.issues ALTER COLUMN id SET DEFAULT nextval('public.issues_id_seq'::regclass);


--
-- Name: roles id; Type: DEFAULT; Schema: public; Owner: postgres
--

ALTER TABLE ONLY public.roles ALTER COLUMN id SET DEFAULT nextval('public.roles_id_seq'::regclass);


--
-- Name: view_points id; Type: DEFAULT; Schema: public; Owner: postgres
--

ALTER TABLE ONLY public.view_points ALTER COLUMN id SET DEFAULT nextval('public.view_points_id_seq'::regclass);


--
-- Data for Name: auth_user_group_roles; Type: TABLE DATA; Schema: public; Owner: postgres
--

COPY public.auth_user_group_roles (auth_user_id, group_id, role_id) FROM stdin;
\.


--
-- Data for Name: auth_users; Type: TABLE DATA; Schema: public; Owner: postgres
--

COPY public.auth_users (id, name, email, password, idno, uuid, tp_account, member_type, verify_level, is_admin, is_active, is_whitelist, is_blacked, expired_at, created_at, login_at) FROM stdin;
4	admin	admin@foxconn.com	b6f67fcb00fd8ccf9cc00f01f5df349d31640db71a02ee1c5446d08dd3e0833f	\N	\N	\N	\N	\N	t	t	t	f	\N	2025-03-14 16:28:42.6246+00	2025-03-15 07:05:15.349128+00
\.


--
-- Data for Name: component_charts; Type: TABLE DATA; Schema: public; Owner: postgres
--

COPY public.component_charts (index, color, types, unit) FROM stdin;
youbike_grid	{#7FBF7B,#8E8E8E,#40A461,#BEBEBE,#3D56FF,#BFDAB8,#ACCFFF}	{TreemapChart,BarChart}	個網格
youbike_availability	{#9DC56E,#356340,#9DC56E}	{GuageChart,BarPercentChart}	輛
ebus_percent	{#9DC56E,#356340,#9DC56E}	{IconPercentChart,BarPercentChart}	輛
city_age_distribution	{#24B0DD,#56B96D,#F8CF58,#F5AD4A,#E170A6,#ED6A45,#AF4137,#10294A}	{DistrictChart,ColumnChart}	仟人
dependency_aging	{#67baca,#fbf3ac}	{ColumnLineChart,TimelineSeparateChart}	%
aging_kpi	{#F65658,#F49F36,#F5C860,#9AC17C,#4CB495,#569C9A,#60819C,#2F8AB1}	{TextUnitChart}	欄
aging_workforce_trend	{#24B0DD,#56B96D,#F8CF58,#F5AD4A,#E170A6,#ED6A45,#AF4137,#10294A}	{BarPercentChart,RadarChart,ColumnChart}	%
bike_network	{#a0b8e8,#b7ff98}	{DonutChart,BarChart}	公里
\.


--
-- Data for Name: component_maps; Type: TABLE DATA; Schema: public; Owner: postgres
--

COPY public.component_maps (id, index, title, type, source, size, icon, paint, property) FROM stdin;
70	youbike_realtime	youbike站點	symbol	raster	\N	youbike	{}	[{"key":"sna","name":"場站名稱"},{"key":"sno","name":"場站ID"},{"key":"available_return_bikes","name":"可還車位"},{"key":"available_rent_general_bikes","name":"剩餘車輛"}]
99	youbike_realtime_metrotaipei	youbike站點	symbol	raster	\N	youbike	{}	[{"key":"sna","name":"場站名稱"},{"key":"sno","name":"場站ID"},{"key":"available_return_bikes","name":"可還車位"},{"key":"available_rent_general_bikes","name":"剩餘車輛"}]
100	bike_network_tpe	自行車路網	line	raster	\N	\N	{"line-color":["match",["get","direction"],"雙向","#097138","單向","#007BFF","#808080"]}	[\r\n  {"key": "data_time", "name": "數據時間"},\r\n  {"key": "route_name", "name": "路線名稱"},\r\n  {"key": "city_code", "name": "城市代碼"},\r\n  {"key": "city", "name": "城市"},\r\n  {"key": "road_section_start", "name": "起點路段"},\r\n  {"key": "road_section_end", "name": "終點路段"},\r\n  {"key": "direction", "name": "方向"},\r\n  {"key": "cycling_length", "name": "自行車道長度"},\r\n  {"key": "finished_time", "name": "完工時間"},\r\n  {"key": "update_time", "name": "更新時間"}\r\n]
101	bike_network_metrotaipei	自行車路網	line	raster	\N	\N	{"line-color":["match",["get","direction"],"雙向","#097138","單向","#007BFF","#808080"]}	[\r\n  {"key": "data_time", "name": "數據時間"},\r\n  {"key": "route_name", "name": "路線名稱"},\r\n  {"key": "city_code", "name": "城市代碼"},\r\n  {"key": "city", "name": "城市"},\r\n  {"key": "road_section_start", "name": "起點路段"},\r\n  {"key": "road_section_end", "name": "終點路段"},\r\n  {"key": "direction", "name": "方向"},\r\n  {"key": "cycling_length", "name": "自行車道長度"},\r\n  {"key": "finished_time", "name": "完工時間"},\r\n  {"key": "update_time", "name": "更新時間"}\r\n]
\.


--
-- Data for Name: components; Type: TABLE DATA; Schema: public; Owner: postgres
--

COPY public.components (id, index, name) FROM stdin;
146	youbike_grid	YouBike設站狀態
60	youbike_availability	YouBike使用情況
213	bike_network	自行車道路網圖資
212	ebus_percent	電動巴士比例
214	dependency_aging	扶養比及老化指數
216	city_age_distribution	全市年齡分區
218	aging_kpi	長照指標
215	aging_workforce_trend	高齡就業人口之年增結構
\.


--
-- Data for Name: contributors; Type: TABLE DATA; Schema: public; Owner: postgres
--

COPY public.contributors (id, user_id, user_name, image, link, identity, description, include, created_at, updated_at) FROM stdin;
1	tuic	臺北大數據中心	tuic.png	https://tuic.gov.taipei/zh	\N	\N	f	2024-05-09 01:58:47.164185+00	2024-05-09 01:58:47.164185+00
\.


--
-- Data for Name: dashboard_groups; Type: TABLE DATA; Schema: public; Owner: postgres
--

COPY public.dashboard_groups (dashboard_id, group_id) FROM stdin;
106	3
356	3
357	3
355	4
359	4
358	4
\.


--
-- Data for Name: dashboards; Type: TABLE DATA; Schema: public; Owner: postgres
--

COPY public.dashboards (id, index, name, components, icon, updated_at, created_at) FROM stdin;
106	map-layers	圖資資訊	{213}	public	2025-03-12 01:59:00.512775+00	2024-03-21 10:04:24.928533+00
356	ltc_care_tpe	長照關懷	{214,215,216,218}	elderly	2025-02-26 08:43:42.86017+00	2024-03-21 09:38:37.66+00
355	ltc_care_newtpe	長照關懷	{214,215,216,218}	elderly	2025-02-27 06:42:21.705931+00	2024-03-21 09:38:37.66+00
359	map-layers-metrotaipei	圖資資訊雙北	{213}	public	2024-05-16 03:56:12.76016+00	2024-03-21 10:04:24.928533+00
357	practical_transportation_tpe	務實交通	{60,212,213}	directions_car	2025-03-12 07:58:16.071745+00	2024-03-21 09:38:37.66+00
358	practical_transportation_newtpe	務實交通	{60,212,213}	directions_car	2025-03-12 08:00:38.75842+00	2024-03-21 09:38:37.66+00
1	09a25cd9cb7d	收藏組件	\N	favorite	2025-03-14 07:34:22.247753+00	2025-03-14 07:34:22.247753+00
2	3245d9eace5f	我的新儀表板	{215,218,216,213,212,214,60,146}	star	2025-03-14 14:55:11.732116+00	2025-03-14 14:55:11.732116+00
\.


--
-- Data for Name: groups; Type: TABLE DATA; Schema: public; Owner: postgres
--

COPY public.groups (id, name, is_personal, create_by) FROM stdin;
1	public	f	\N
3	taipei	f	\N
4	metrotaipei	f	\N
\.


--
-- Data for Name: incidents; Type: TABLE DATA; Schema: public; Owner: postgres
--

COPY public.incidents (id, type, description, distance, latitude, longitude, place, "time", status) FROM stdin;
\.


--
-- Data for Name: issues; Type: TABLE DATA; Schema: public; Owner: postgres
--

COPY public.issues (id, title, user_name, user_id, context, description, decision_desc, status, updated_by, created_at, updated_at) FROM stdin;
4	test	Drew	1	test	test	測試	不處理	tuic	2024-03-15 07:33:39.695288+00	2024-07-26 06:37:55.038985+00
\.


--
-- Data for Name: query_charts; Type: TABLE DATA; Schema: public; Owner: postgres
--

COPY public.query_charts (index, history_config, map_config_ids, map_filter, time_from, time_to, update_freq, update_freq_unit, source, short_desc, long_desc, use_case, links, contributors, created_at, updated_at, query_type, query_chart, query_history, city) FROM stdin;
aging_workforce_trend	null	\N	null	static	\N	\N	\N	主計處	顯示雙北就業人口之年齡結構時間數列統計資料	顯示高齡就業人口的年增結構。根據勞動部的統計資料，台灣中高齡（45至64歲）就業人口從1985年的208.1萬人增至1995年的300.5萬人，十年間增加了44.4%。其中，女性就業人口增幅（66.56%）高於男性（34.42%），顯示女性在中高齡勞動力中的參與度逐年提升。此外，隨著嬰兒潮世代逐漸進入中高齡，45至49歲及50至54歲年齡組的就業者比例也有所上升。	使用於勞動市場分析、退休政策規劃與企業人力資源管理，高齡就業人口的年增結構數據能提供決策依據。政府可根據趨勢調整退休年齡與銀髮就業政策，確保勞動力穩定供應。企業則可依據中高齡員工增加情況，規劃再培訓與彈性工作制度，提升勞動力利用率。學術與經濟研究領域可透過此數據探討高齡勞動力參與對經濟成長與社會福利的影響，為未來就業與產業發展提供方向。\r\n	{https://data.taipei/dataset/detail?id=ffdd5753-30db-4c38-b65f-b77892773d60}	{tuic}	2024-11-28 05:56:00+00	2025-02-26 08:36:42.577892+00	three_d	select x_axis,y_axis,round(avg(percentage)) as data\r\nfrom (select year as x_axis,'1.非高齡就業人口' as y_axis,sum(percentage) as percentage  from employment_age_structure_tpe\r\nwhere  gender ='總計' and age_structure not in ('就業人口','就業人口按年齡別/45-49歲','就業人口按年齡別/50-54歲','就業人口按年齡別/55-59歲','就業人口按年齡別/60-64歲','就業人口按年齡別/65歲以上')\r\ngroup by year \r\nunion all \r\nselect year as x_axis,'2.中高齡就業人口' as y_axis,percentage as data  from employment_age_structure_tpe\r\nwhere  gender ='總計' and age_structure  in ('就業人口按年齡別/45-49歲','就業人口按年齡別/50-54歲','就業人口按年齡別/55-59歲','就業人口按年齡別/60-64歲')\r\nunion all \r\nselect year as x_axis,'3.高齡就業人口' as y_axis,percentage as data  from employment_age_structure_tpe\r\nwhere  gender ='總計' and age_structure  in ('就業人口按年齡別/65歲以上')\r\n)d\r\nwhere x_axis >'2016'\r\ngroup by x_axis,y_axis \r\norder by 1,2	\N	taipei
city_age_distribution	\N	\N	\N	static	\N	\N	\N	主計處	顯示全市年齡分區	顯示全市年齡分區，將人口依年齡群體劃分至不同城市區域。此分區有助於了解人口結構趨勢、老化情形及區域人口分布，為政策制定者、城市規劃者及研究人員提供分析依據。透過此數據，可進行資源分配與社區規劃，確保城市發展符合不同年齡層的需求。	使用於城市規劃、社會政策制定及人口統計分析，全市年齡分區數據可幫助政府與研究機構掌握人口結構變化。此指標適用於評估各年齡層的區域分布，進而規劃教育資源、醫療設施及長照服務。此外，企業亦可利用此數據進行市場分析，針對不同年齡層設計產品與服務，提升經營策略的精準度。\r\n	{https://data.taipei/dataset/detail?id=1e0c58e9-6aa5-4acb-a5a1-f60bacad60f3,https://data.ntpc.gov.tw/datasets/8308ab58-62d1-424e-8314-24b65b7ab492}	{tuic}	2024-11-28 05:56:00+00	2024-12-10 02:59:39.341+00	three_d	select x_axis,y_axis,round(sum(data)/1000) data\r\nfrom(select 區域別 as x_axis,'0_14歲人口數' as y_axis,percent24 as data\r\nfrom \r\npublic.city_age_distribution_taipei \r\nwhere 區域別 != '總計' and 年份=(select max(年份)\r\nfrom \r\npublic.city_age_distribution_taipei)\r\nunion all\r\nselect 區域別 as x_axis,'15_64歲人口數' as y_axis,percent26 as data\r\nfrom \r\npublic.city_age_distribution_taipei \r\nwhere 區域別 != '總計' and 年份=(select max(年份)\r\nfrom \r\npublic.city_age_distribution_taipei)\r\nunion all\r\nselect 區域別 as x_axis,'65歲以上人口數' as y_axis,percent28 as data\r\nfrom \r\npublic.city_age_distribution_taipei \r\nwhere 區域別 != '總計' and 年份=(select max(年份)\r\nfrom \r\npublic.city_age_distribution_taipei)\r\nunion all\r\nselect 區域別 as x_axis,'0_14歲人口數' as y_axis,percent24 as data\r\nfrom \r\npublic.city_age_distribution_newtaipei \r\nwhere 區域別 not in ('總計','新北市') and 年份=(select max(年份)\r\nfrom \r\npublic.city_age_distribution_newtaipei)\r\nunion all\r\nselect 區域別 as x_axis,'15_64歲人口數' as y_axis,percent26 as data\r\nfrom \r\npublic.city_age_distribution_newtaipei \r\nwhere 區域別 not in ('總計','新北市') and 年份=(select max(年份)\r\nfrom \r\npublic.city_age_distribution_newtaipei)  \r\nunion all\r\nselect 區域別 as x_axis,'65歲以上人口數' as y_axis,percent28 as data\r\nfrom \r\npublic.city_age_distribution_newtaipei \r\nwhere 區域別 not in ('總計','新北市') and 年份=(select max(年份)\r\nfrom \r\npublic.city_age_distribution_newtaipei)\r\n)d\r\ngroup by x_axis,y_axis\r\n	\N	metrotaipei
aging_workforce_trend	\N	\N	\N	static	\N	\N	\N	主計處	顯示雙北就業人口之年齡結構時間數列統計資料	顯示高齡就業人口的年增結構。根據勞動部的統計資料，台灣中高齡（45至64歲）就業人口從1985年的208.1萬人增至1995年的300.5萬人，十年間增加了44.4%。其中，女性就業人口增幅（66.56%）高於男性（34.42%），顯示女性在中高齡勞動力中的參與度逐年提升。此外，隨著嬰兒潮世代逐漸進入中高齡，45至49歲及50至54歲年齡組的就業者比例也有所上升。	使用於勞動市場分析、退休政策規劃與企業人力資源管理，高齡就業人口的年增結構數據能提供決策依據。政府可根據趨勢調整退休年齡與銀髮就業政策，確保勞動力穩定供應。企業則可依據中高齡員工增加情況，規劃再培訓與彈性工作制度，提升勞動力利用率。學術與經濟研究領域可透過此數據探討高齡勞動力參與對經濟成長與社會福利的影響，為未來就業與產業發展提供方向。\r\n	{https://data.taipei/dataset/detail?id=df320c78-f66b-4504-92b4-cf2a2eb46f1b}	{tuic}	2024-11-28 05:56:00+00	2024-12-10 02:59:39.341+00	three_d	select x_axis,y_axis,round(avg(percentage)) as data\r\nfrom (select year as x_axis,'1.非高齡就業人口' as y_axis,sum(percentage) as percentage  from employment_age_structure_tpe\r\nwhere  gender ='總計' and age_structure not in ('就業人口','就業人口按年齡別/45-49歲','就業人口按年齡別/50-54歲','就業人口按年齡別/55-59歲','就業人口按年齡別/60-64歲','就業人口按年齡別/65歲以上')\r\ngroup by year \r\nunion all \r\nselect year as x_axis,'2.中高齡就業人口' as y_axis,percentage as data  from employment_age_structure_tpe\r\nwhere  gender ='總計' and age_structure  in ('就業人口按年齡別/45-49歲','就業人口按年齡別/50-54歲','就業人口按年齡別/55-59歲','就業人口按年齡別/60-64歲')\r\nunion all \r\nselect year as x_axis,'3.高齡就業人口' as y_axis,percentage as data  from employment_age_structure_tpe\r\nwhere  gender ='總計' and age_structure  in ('就業人口按年齡別/65歲以上')\r\nunion all \r\nselect year as x_axis,'1.非高齡就業人口' as y_axis,sum(percentage) as data  from employment_age_structure_new_tpe\r\nwhere  gender ='總計' and age_structure not in ('就業人口','就業人口按年齡別/45-49歲','就業人口按年齡別/50-54歲','就業人口按年齡別/55-59歲','就業人口按年齡別/60-64歲','就業人口按年齡別/65歲以上')\r\ngroup by year \r\nunion all \r\nselect year as x_axis,'2.中高齡就業人口' as y_axis,percentage as data  from employment_age_structure_new_tpe\r\nwhere  gender ='總計' and age_structure  in ('就業人口按年齡別/45-49歲','就業人口按年齡別/50-54歲','就業人口按年齡別/55-59歲','就業人口按年齡別/60-64歲')\r\nunion all \r\nselect year as x_axis,'3.高齡就業人口' as y_axis,percentage as data  from employment_age_structure_new_tpe\r\nwhere  gender ='總計' and age_structure  in ('就業人口按年齡別/65歲以上'))d\r\nwhere x_axis >'2016'\r\ngroup by x_axis,y_axis \r\norder by 1,2	\N	metrotaipei
city_age_distribution	null	\N	null	static	\N	\N	\N	主計處	顯示全市年齡分區	顯示全市年齡分區，將人口依年齡群體劃分至不同城市區域。此分區有助於了解人口結構趨勢、老化情形及區域人口分布，為政策制定者、城市規劃者及研究人員提供分析依據。透過此數據，可進行資源分配與社區規劃，確保城市發展符合不同年齡層的需求。	使用於城市規劃、社會政策制定及人口統計分析，全市年齡分區數據可幫助政府與研究機構掌握人口結構變化。此指標適用於評估各年齡層的區域分布，進而規劃教育資源、醫療設施及長照服務。此外，企業亦可利用此數據進行市場分析，針對不同年齡層設計產品與服務，提升經營策略的精準度。\r\n	{}	{tuic}	2024-11-28 05:56:00+00	2025-02-21 07:52:55.450103+00	three_d	select x_axis,y_axis,round(sum(data)/1000) data\r\nfrom(select 區域別 as x_axis,'0_14歲人口數' as y_axis,percent24 as data\r\nfrom \r\npublic.city_age_distribution_taipei \r\nwhere 區域別 != '總計' and 年份=(select max(年份)\r\nfrom \r\npublic.city_age_distribution_taipei)\r\nunion all\r\nselect 區域別 as x_axis,'15_64歲人口數' as y_axis,percent26 as data\r\nfrom \r\npublic.city_age_distribution_taipei \r\nwhere 區域別 != '總計' and 年份=(select max(年份)\r\nfrom \r\npublic.city_age_distribution_taipei)\r\nunion all\r\nselect 區域別 as x_axis,'65歲以上人口數' as y_axis,percent28 as data\r\nfrom \r\npublic.city_age_distribution_taipei \r\nwhere 區域別 != '總計' and 年份=(select max(年份)\r\nfrom \r\npublic.city_age_distribution_taipei)\r\n)d\r\ngroup by x_axis,y_axis\r\n	\N	taipei
dependency_aging	null	\N	null	static	\N	\N	\N	主計處	顯示臺北市扶養比及老化指數時間數列統計資料	顯示臺北市扶養比及老化指數時間數列統計資料。臺北市政府主計處提供了自1968年至2022年的扶養比和老化指數資料，詳細記錄了各年齡段人口比例的變化情況。這些資料有助於分析臺北市人口結構的演變，評估青壯年人口對幼年和老年人口的扶養負擔，以及社會老化程度。透過這些統計資料，政策制定者和研究人員可以深入了解人口趨勢，為未來的社會福利和經濟發展規劃提供參考。	使用於人口結構分析、社會福利規劃與經濟發展評估，臺北市的扶養比與老化指數數據提供決策參考。政府機構可透過這些統計資料評估勞動力供給與社會扶養負擔，進而調整退休政策與醫療資源配置。企業可運用數據研判市場趨勢，規劃銀髮族產品與服務。學術研究則可透過時間序列分析，探討人口老化對經濟與社會的影響，為未來城市發展與人口政策提供科學依據。\r\n	{}	{tuic}	2024-11-28 05:56:00+00	2025-02-25 01:43:21.031142+00	time	select \r\nx_axis,y_axis,avg(data) data\r\nfrom (\r\nselect TO_TIMESTAMP(end_of_year , 'YYYY-MM-DD HH24:MI:SS.MS') AT TIME ZONE 'Asia/Taipei' AS x_axis,\r\n'扶養比' as y_axis,total_dependency_ratio as data  \r\nfrom \r\ndependency_ratio_and_aging_index_tpe\r\nunion all\r\nselect TO_TIMESTAMP(end_of_year , 'YYYY-MM-DD HH24:MI:SS.MS') AT TIME ZONE 'Asia/Taipei' AS x_axis,\r\n'老化指數' as y_axis ,aging_index \r\nfrom \r\ndependency_ratio_and_aging_index_tpe\r\n)d\r\nwhere x_axis >'2013-01-01 00:00:00.000'\r\ngroup by x_axis,y_axis\r\norder by 1\r\n	\N	taipei
ebus_percent	\N	\N	\N	static	\N	\N	\N	交通局	顯示電動公車比例	此圖顯示電動公車比例，呈現全體公車中電動車的占比，以及近年來電動公車數量的成長趨勢。圖表比較傳統燃油公車與電動公車的比例變化，並標示政策推動、補助措施及環保效益等影響因素。透過這些數據，可評估電動公車普及率及其對減碳、空氣品質改善的貢獻，進而制定更完善的公共運輸電動化策略，以提升城市永續發展目標。	可用於評估城市公共運輸電動化進程，透過此圖顯示電動公車比例，分析全體公車中電動車的占比及成長趨勢。圖表比較傳統燃油公車與電動公車的比例變化，並標示政策推動、補助措施及環保效益等影響因素。透過這些數據，可評估電動公車普及率及其對減碳、空氣品質改善的貢獻，進而制定更完善的公共運輸電動化策略，以提升城市永續發展目標。\r\n	{https://tdx.transportdata.tw/api/basic/v2/Bus/Vehicle/City/Taipei?%24top=30&%24format=JSON,https://tdx.transportdata.tw/api/basic/v2/Bus/Vehicle/City/NewTaipei?%24top=30&%24format=JSON}	{tuic}	2025-02-15 05:56:00+00	2024-02-15 02:59:39.341+00	percent	select '電動公車數量' as x_axis,y_axis,sum(data) data from \r\n(select '電動巴士' as y_axis,count(*) as  data\r\nfrom public.bus_info_new_tpe\r\nwhere plate_numb like 'E%'\r\nunion all\r\nselect '非電動巴士' as y_axis,count(*) as  data\r\nfrom public.bus_info_new_tpe\r\nwhere plate_numb not like 'E%'\r\nunion all\r\nselect '電動巴士' as y_axis,count(*) as  data\r\nfrom public.bus_info_tpe\r\nwhere plate_numb like 'E%'\r\nunion all\r\nselect '非電動巴士' as y_axis,count(*) as  data\r\nfrom public.bus_info_tpe)d\r\ngroup by \r\ny_axis\r\n	\N	metrotaipei
ebus_percent	null	\N	null	static	\N	\N	\N	交通局	顯示電動公車比例	此圖顯示電動公車比例，呈現全體公車中電動車的占比，以及近年來電動公車數量的成長趨勢。圖表比較傳統燃油公車與電動公車的比例變化，並標示政策推動、補助措施及環保效益等影響因素。透過這些數據，可評估電動公車普及率及其對減碳、空氣品質改善的貢獻，進而制定更完善的公共運輸電動化策略，以提升城市永續發展目標。	可用於評估城市公共運輸電動化進程，透過此圖顯示電動公車比例，分析全體公車中電動車的占比及成長趨勢。圖表比較傳統燃油公車與電動公車的比例變化，並標示政策推動、補助措施及環保效益等影響因素。透過這些數據，可評估電動公車普及率及其對減碳、空氣品質改善的貢獻，進而制定更完善的公共運輸電動化策略，以提升城市永續發展目標。\r\n	{}	{tuic}	2025-02-15 05:56:00+00	2025-02-20 09:11:21.620625+00	percent	select '電動公車數量' as x_axis,y_axis,sum(data) data from \r\n(\r\nselect '電動巴士' as y_axis,count(*) as  data\r\nfrom public.bus_info_tpe\r\nwhere plate_numb like 'E%'\r\nunion all\r\nselect '非電動巴士' as y_axis,count(*) as  data\r\nfrom public.bus_info_tpe)d\r\ngroup by \r\ny_axis	\N	taipei
youbike_availability	null	{99}	null	current	\N	10	minute	交通局	顯示當前全市共享單車YouBike的使用情況。	顯示當前全市共享單車YouBike的使用情況，格式為可借車輛數/全市車位數。資料來源為交通局公開資料，每5分鐘更新。	藉由YouBike使用情況的顯示，以及全市車輛約為柱數一半，可掌握全市目前停在站上與被使用中的車輛大約數字，並可在地圖模式查詢各站點詳細資訊。	{https://tdx.transportdata.tw/api-service/swagger/basic/2cc9b888-a592-496f-99de-9ab35b7fb70d#/Bike/BikeApi_Availability_2181,https://tdx.transportdata.tw/api/basic/v2/Bike/Availability/City/NewTaipei?%24top=30&%24format=JSON}	{tuic}	2023-12-20 05:56:00+00	2024-03-19 06:08:17.99+00	percent	select x_axis,y_axis,sum(data)data\r\nfrom (select '在站車輛' as x_axis, \r\nunnest(ARRAY['可借車輛', '空位']) as y_axis, \r\nunnest(ARRAY[SUM(available_rent_general_bikes), SUM(available_return_bikes)]) as data\r\nfrom tran_ubike_realtime_new_tpe\r\nunion all \r\nselect '在站車輛' as x_axis, \r\nunnest(ARRAY['可借車輛', '空位']) as y_axis, \r\nunnest(ARRAY[SUM(available_rent_general_bikes), SUM(available_return_bikes)]) as data\r\nfrom tran_ubike_realtime)d\r\ngroup by x_axis,y_axis	\N	metrotaipei
aging_kpi	null	{}	{}	static	\N	0	\N	主計處	此圖顯示雙北長照關懷各項指標。	此圖表呈現雙北長照關懷相關指標，包括 扶老比、扶幼比、扶養比 及 老化指數。扶老比代表每百名勞動人口需扶養的老年人口數，扶幼比則是需扶養的兒童人口數，而扶養比則合計這兩者，反映整體社會負擔程度。老化指數則比較老年人口與兒童人口比例，顯示人口結構的高齡化趨勢。這些數據可用於評估長照需求，並規劃資源分配與政策方向，以因應人口老化帶來的挑戰。	在制定長照政策時，政府可運用 扶老比、扶幼比、扶養比 及 老化指數 來評估未來照護需求。例如，某城市發現扶老比上升且老化指數超過 100，代表老年人口已多於兒童，預示長照需求將持續增加。政府可據此增設長照機構、強化居家照護服務，並鼓勵社區共融計畫，以減輕勞動人口的扶養壓力，確保高齡者獲得適切照顧。	{https://data.taipei/dataset/detail?id=64c8a3a0-3b9a-4f49-a13a-fb1eb2ffa4b1}	{tuic}	2023-12-20 05:56:00+00	2024-06-12 06:02:41.642+00	three_d	select y_axis,icon ,round(avg(data))data  \r\nfrom(\r\nselect '扶老比' as y_axis, percent30 as data ,'%' as icon \r\nfrom public.city_age_distribution_taipei \r\nwhere 年份= (select max(年份) from public.city_age_distribution_taipei ) and  區域別='總計' and 統計類型='計'\r\nunion all\r\nselect '扶幼比' as y_axis, percent31 as data ,'%' as icon \r\nfrom public.city_age_distribution_taipei \r\nwhere 年份= (select max(年份) from public.city_age_distribution_taipei ) and  區域別='總計' and 統計類型='計'\r\nunion all\r\nselect '扶養比' as y_axis, percent32 as data ,'%' as icon \r\nfrom public.city_age_distribution_taipei \r\nwhere 年份= (select max(年份) from public.city_age_distribution_taipei ) and  區域別='總計' and 統計類型='計'\r\nunion all\r\nselect '老化指數' as y_axis, percent33 as data ,'%' as icon \r\nfrom public.city_age_distribution_taipei \r\nwhere 年份= (select max(年份) from public.city_age_distribution_taipei ) and  區域別='總計' and 統計類型='計'\r\nunion all\r\nselect '扶老比' as y_axis, avg(percent30) as data ,'%' as icon \r\nfrom public.city_age_distribution_newtaipei \r\nwhere 年份= (select max(年份) from public.city_age_distribution_newtaipei )  and 統計類型='計'\r\nunion all\r\nselect '扶幼比' as y_axis, avg(percent31) as data ,'%' as icon \r\nfrom public.city_age_distribution_newtaipei \r\nwhere 年份= (select max(年份) from public.city_age_distribution_newtaipei ) and 統計類型='計'\r\nunion all\r\nselect '扶養比' as y_axis, avg(percent32) as data ,'%' as icon \r\nfrom public.city_age_distribution_newtaipei \r\nwhere 年份= (select max(年份) from public.city_age_distribution_newtaipei )  and 統計類型='計'\r\nunion all\r\nselect '老化指數' as y_axis, avg(percent33) as data ,'%' as icon \r\nfrom public.city_age_distribution_newtaipei \r\nwhere 年份= (select max(年份) from public.city_age_distribution_newtaipei )  and 統計類型='計'\r\n)d\r\ngroup by y_axis,icon	\N	metrotaipei
aging_kpi	null	{}	{}	static	\N	0	\N	主計處	此圖顯示臺北長照關懷各項指標。	此圖表呈現臺北長照關懷相關指標，包括 扶老比、扶幼比、扶養比 及 老化指數。扶老比代表每百名勞動人口需扶養的老年人口數，扶幼比則是需扶養的兒童人口數，而扶養比則合計這兩者，反映整體社會負擔程度。老化指數則比較老年人口與兒童人口比例，顯示人口結構的高齡化趨勢。這些數據可用於評估長照需求，並規劃資源分配與政策方向，以因應人口老化帶來的挑戰。	在制定長照政策時，政府可運用 扶老比、扶幼比、扶養比 及 老化指數 來評估未來照護需求。例如，某城市發現扶老比上升且老化指數超過 100，代表老年人口已多於兒童，預示長照需求將持續增加。政府可據此增設長照機構、強化居家照護服務，並鼓勵社區共融計畫，以減輕勞動人口的扶養壓力，確保高齡者獲得適切照顧。	{https://data.taipei/dataset/detail?id=64c8a3a0-3b9a-4f49-a13a-fb1eb2ffa4b1,https://data.ntpc.gov.tw/datasets/8308ab58-62d1-424e-8314-24b65b7ab492}	{tuic}	2023-12-20 05:56:00+00	2024-06-12 06:02:41.642+00	three_d	select y_axis,icon ,round(avg(data))data  \r\nfrom(\r\nselect '扶老比' as y_axis, percent30 as data ,'%' as icon \r\nfrom public.city_age_distribution_taipei \r\nwhere 年份= (select max(年份) from public.city_age_distribution_taipei ) and  區域別='總計' and 統計類型='計'\r\nunion all\r\nselect '扶幼比' as y_axis, percent31 as data ,'%' as icon \r\nfrom public.city_age_distribution_taipei \r\nwhere 年份= (select max(年份) from public.city_age_distribution_taipei ) and  區域別='總計' and 統計類型='計'\r\nunion all\r\nselect '扶養比' as y_axis, percent32 as data ,'%' as icon \r\nfrom public.city_age_distribution_taipei \r\nwhere 年份= (select max(年份) from public.city_age_distribution_taipei ) and  區域別='總計' and 統計類型='計'\r\nunion all\r\nselect '老化指數' as y_axis, percent33 as data ,'%' as icon \r\nfrom public.city_age_distribution_taipei \r\nwhere 年份= (select max(年份) from public.city_age_distribution_taipei ) and  區域別='總計' and 統計類型='計'\r\n)d\r\ngroup by y_axis,icon	\N	taipei
dependency_aging	\N	\N	\N	static	\N	\N	\N	主計處	顯示臺北市扶養比及老化指數時間數列統計資料	顯示臺北市扶養比及老化指數時間數列統計資料。臺北市政府主計處提供了自1968年至2022年的扶養比和老化指數資料，詳細記錄了各年齡段人口比例的變化情況。這些資料有助於分析臺北市人口結構的演變，評估青壯年人口對幼年和老年人口的扶養負擔，以及社會老化程度。透過這些統計資料，政策制定者和研究人員可以深入了解人口趨勢，為未來的社會福利和經濟發展規劃提供參考。	使用於人口結構分析、社會福利規劃與經濟發展評估，臺北市的扶養比與老化指數數據提供決策參考。政府機構可透過這些統計資料評估勞動力供給與社會扶養負擔，進而調整退休政策與醫療資源配置。企業可運用數據研判市場趨勢，規劃銀髮族產品與服務。學術研究則可透過時間序列分析，探討人口老化對經濟與社會的影響，為未來城市發展與人口政策提供科學依據。\r\n	{https://data.taipei/dataset/detail?id=aafb15dc-5508-4091-bd48-a708e60f6698}	{tuic}	2024-11-28 05:56:00+00	2024-12-10 02:59:39.341+00	time	select \r\nx_axis,y_axis,avg(data) data\r\nfrom (\r\nselect TO_TIMESTAMP(end_of_year , 'YYYY-MM-DD HH24:MI:SS.MS') AT TIME ZONE 'Asia/Taipei' AS x_axis,\r\n'扶養比' as y_axis,total_dependency_ratio as data  \r\nfrom \r\ndependency_ratio_and_aging_index_tpe\r\nunion all\r\nselect TO_TIMESTAMP(end_of_year , 'YYYY-MM-DD HH24:MI:SS.MS') AT TIME ZONE 'Asia/Taipei' AS x_axis,\r\n'老化指數' as y_axis ,aging_index \r\nfrom \r\ndependency_ratio_and_aging_index_tpe\r\nunion all\r\nselect TO_TIMESTAMP(end_of_year , 'YYYY-MM-DD HH24:MI:SS.MS') AT TIME ZONE 'Asia/Taipei' AS x_axis,\r\n'扶養比' as y_axis,total_dependency_ratio  \r\nfrom \r\ndependency_ratio_and_aging_index_new_tpe\r\nunion all\r\nselect TO_TIMESTAMP(end_of_year , 'YYYY-MM-DD HH24:MI:SS.MS') AT TIME ZONE 'Asia/Taipei' AS x_axis,\r\n'老化指數' as y_axis ,aging_index \r\nfrom \r\ndependency_ratio_and_aging_index_new_tpe\r\n)d\r\nwhere x_axis >'2013-01-01 00:00:00.000'\r\ngroup by x_axis,y_axis\r\norder by 1\r\n	\N	metrotaipei
bike_network	\N	{100}	{"mode":"byParam","byParam":{"xParam":"direction"}}	static	\N	\N	\N	交通局交工處	顯示臺北市當前自行車路網分布。	顯示臺北市當前自行車路網分布。臺北市擁有完善的自行車路網，主要包括河濱自行車道和市區自行車道。河濱自行車道沿淡水河、基隆河、新店溪和景美溪等河岸建設，提供連續且風景優美的騎行路線。市區自行車道則遍布於主要道路，如敦化南北路、成功路、承德路、松隆路、松德路、和平西路、民生東路、北安路、金湖路、八德路、大道路、光復南路和永吉路等，方便市民在城市中安全騎行。此外，臺北市政府持續推動「自行車道願景計畫」，以串聯既有路網、銜接跨市及河濱自行車道，並優化現有自行車道，提升騎行環境的便利性與安全性。	使用於地圖分析、交通規劃與旅遊建議，臺北市的自行車路網可與其他圖資套疊，提供更深入的洞察。透過將自行車道與人口密度、交通流量或公車捷運路線交叉比對，可優化城市規劃，提高自行車友善程度。對於旅遊應用，可將自行車道與景點、商圈、飯店位置結合，推薦最佳騎行路線，提升遊憩體驗。此外，政府與企業可藉由數據分析發掘需求熱點，進一步優化自行車基礎設施與共享單車系統。	{https://tdx.transportdata.tw/api/basic/v2/Cycling/Shape/City/Taipei?%24top=30&%24format=JSON}	{tuic}	2023-12-20 05:56:00+00	2024-01-11 06:26:02.069+00	two_d	select  direction as x_axis ,round(sum(cycling_length)/1000) as data\r\nfrom public.bike_network_tpe  \r\nwhere direction !=''\r\ngroup by direction	\N	taipei
youbike_grid	\N	{10}	{"mode": "byParam", "byParam": {"xParam": "class"}}	static	\N	\N	\N	臺北大數據中心	顯示台北市各網格設站狀態。	將全市用250見方的網格表示，依據各網格條件分為可設站及無法設站。可設站網格包含已設站、未設站及鄰近已設站。無法設站網格的類型包含山區、土地限制及特殊條件。土地限制為根據國土利用現況調查結果不適合開發之區域，特殊條件為軍方用地或無設站空間。資料來源為大數據中心研究，更新頻率不定期。	本組件可讓您快速查看各區域的YouBike設站情況。了解哪些區域已提供YouBike服務?哪些因為土地或地形限制無法設站?哪些地區目前未設站但具有設站潛能。	{https://tuic.gov.taipei/youbike,https://github.com/tpe-doit/YouBike-Optimization}	{tuic}	2023-12-20 05:56:00+00	2023-12-20 05:56:00+00	two_d	SELECT unnest(ARRAY['無法設站-山區且土地限制', '已設站', '無法設站-山區','鄰近已設站','未設站','無法設站-土地限制','無法設站-特殊條件限制']) as x_axis, unnest(ARRAY[1549,932,689,463,318,315,43]) as data	\N	taipei
youbike_availability	null	{70}	null	current	\N	10	minute	交通局	顯示當前全市共享單車YouBike的使用情況。	顯示當前全市共享單車YouBike的使用情況，格式為可借車輛數/全市車位數。資料來源為交通局公開資料，每5分鐘更新。	藉由YouBike使用情況的顯示，以及全市車輛約為柱數一半，可掌握全市目前停在站上與被使用中的車輛大約數字，並可在地圖模式查詢各站點詳細資訊。	{https://tdx.transportdata.tw/api-service/swagger/basic/2cc9b888-a592-496f-99de-9ab35b7fb70d#/Bike/BikeApi_Availability_2181}	{tuic}	2023-12-20 05:56:00+00	2024-03-19 06:08:17.99+00	percent	select '在站車輛' as x_axis, \r\nunnest(ARRAY['可借車輛', '空位']) as y_axis, \r\nunnest(ARRAY[SUM(available_rent_general_bikes), SUM(available_return_bikes)]) as data\r\nfrom tran_ubike_realtime	\N	taipei
bike_network	\N	{101}	{"mode":"byParam","byParam":{"xParam":"direction"}}	static	\N	\N	\N	交通局交工處	顯示雙北當前自行車路網分布。	顯示雙北當前自行車路網分布。雙北擁有完善的自行車路網，主要包括河濱自行車道和市區自行車道。河濱自行車道沿淡水河、基隆河、新店溪和景美溪等河岸建設，提供連續且風景優美的騎行路線。市區自行車道則遍布於主要道路，如敦化南北路、成功路、承德路、松隆路、松德路、和平西路、民生東路、北安路、金湖路、八德路、大道路、光復南路和永吉路等，方便市民在城市中安全騎行。此外，雙北政府持續推動「自行車道願景計畫」，以串聯既有路網、銜接跨市及河濱自行車道，並優化現有自行車道，提升騎行環境的便利性與安全性。	使用於地圖分析、交通規劃與旅遊建議，雙北的自行車路網可與其他圖資套疊，提供更深入的洞察。透過將自行車道與人口密度、交通流量或公車捷運路線交叉比對，可優化城市規劃，提高自行車友善程度。對於旅遊應用，可將自行車道與景點、商圈、飯店位置結合，推薦最佳騎行路線，提升遊憩體驗。此外，政府與企業可藉由數據分析發掘需求熱點，進一步優化自行車基礎設施與共享單車系統。	{https://tdx.transportdata.tw/api/basic/v2/Cycling/Shape/City/Taipei?%24top=30&%24format=JSON,https://tdx.transportdata.tw/api/basic/v2/Cycling/Shape/City/NewTaipei?%24top=30&%24format=JSON}	{tuic}	2023-12-20 05:56:00+00	2024-01-11 06:26:02.069+00	two_d	select x_axis,sum(data)data from (select  direction as x_axis ,round(sum(cycling_length)/1000) as data\r\nfrom public.bike_network_tpe  \r\ngroup by direction\r\nunion all\r\nselect  direction as x_axis ,round(sum(cycling_length)/1000) as data\r\nfrom public.bike_network_new_tpe  \r\ngroup by direction\r\n)d\r\nwhere x_axis !=''\r\ngroup by x_axis	\N	metrotaipei
\.


--
-- Data for Name: roles; Type: TABLE DATA; Schema: public; Owner: postgres
--

COPY public.roles (id, name, access_control, modify, read) FROM stdin;
1	admin	t	t	t
2	editor	f	t	t
3	viewer	f	f	t
10	admin	t	t	t
11	editor	f	t	t
12	viewer	f	f	t
13	admin	t	t	t
14	editor	f	t	t
15	viewer	f	f	t
\.


--
-- Data for Name: spatial_ref_sys; Type: TABLE DATA; Schema: public; Owner: postgres
--

COPY public.spatial_ref_sys (srid, auth_name, auth_srid, srtext, proj4text) FROM stdin;
\.


--
-- Data for Name: view_points; Type: TABLE DATA; Schema: public; Owner: postgres
--

COPY public.view_points (id, user_id, center_x, center_y, zoom, pitch, bearing, name, point_type) FROM stdin;
\.


--
-- Data for Name: geocode_settings; Type: TABLE DATA; Schema: tiger; Owner: postgres
--

COPY tiger.geocode_settings (name, setting, unit, category, short_desc) FROM stdin;
\.


--
-- Data for Name: pagc_gaz; Type: TABLE DATA; Schema: tiger; Owner: postgres
--

COPY tiger.pagc_gaz (id, seq, word, stdword, token, is_custom) FROM stdin;
\.


--
-- Data for Name: pagc_lex; Type: TABLE DATA; Schema: tiger; Owner: postgres
--

COPY tiger.pagc_lex (id, seq, word, stdword, token, is_custom) FROM stdin;
\.


--
-- Data for Name: pagc_rules; Type: TABLE DATA; Schema: tiger; Owner: postgres
--

COPY tiger.pagc_rules (id, rule, is_custom) FROM stdin;
\.


--
-- Data for Name: topology; Type: TABLE DATA; Schema: topology; Owner: postgres
--

COPY topology.topology (id, name, srid, "precision", hasz) FROM stdin;
\.


--
-- Data for Name: layer; Type: TABLE DATA; Schema: topology; Owner: postgres
--

COPY topology.layer (topology_id, layer_id, schema_name, table_name, feature_column, feature_type, level, child_id) FROM stdin;
\.


--
-- Name: auth_users_id_seq; Type: SEQUENCE SET; Schema: public; Owner: postgres
--

SELECT pg_catalog.setval('public.auth_users_id_seq', 5, true);


--
-- Name: component_maps_id_seq; Type: SEQUENCE SET; Schema: public; Owner: postgres
--

SELECT pg_catalog.setval('public.component_maps_id_seq', 1, false);


--
-- Name: components_id_seq; Type: SEQUENCE SET; Schema: public; Owner: postgres
--

SELECT pg_catalog.setval('public.components_id_seq', 1, false);


--
-- Name: contributors_id_seq; Type: SEQUENCE SET; Schema: public; Owner: postgres
--

SELECT pg_catalog.setval('public.contributors_id_seq', 1, false);


--
-- Name: dashboards_id_seq; Type: SEQUENCE SET; Schema: public; Owner: postgres
--

SELECT pg_catalog.setval('public.dashboards_id_seq', 2, true);


--
-- Name: groups_id_seq; Type: SEQUENCE SET; Schema: public; Owner: postgres
--

SELECT pg_catalog.setval('public.groups_id_seq', 4, true);


--
-- Name: incidents_id_seq; Type: SEQUENCE SET; Schema: public; Owner: postgres
--

SELECT pg_catalog.setval('public.incidents_id_seq', 1, false);


--
-- Name: issues_id_seq; Type: SEQUENCE SET; Schema: public; Owner: postgres
--

SELECT pg_catalog.setval('public.issues_id_seq', 1, false);


--
-- Name: roles_id_seq; Type: SEQUENCE SET; Schema: public; Owner: postgres
--

SELECT pg_catalog.setval('public.roles_id_seq', 15, true);


--
-- Name: view_points_id_seq; Type: SEQUENCE SET; Schema: public; Owner: postgres
--

SELECT pg_catalog.setval('public.view_points_id_seq', 1, false);


--
-- Name: topology_id_seq; Type: SEQUENCE SET; Schema: topology; Owner: postgres
--

SELECT pg_catalog.setval('topology.topology_id_seq', 1, false);


--
-- Name: auth_user_group_roles auth_user_group_roles_pkey; Type: CONSTRAINT; Schema: public; Owner: postgres
--

ALTER TABLE ONLY public.auth_user_group_roles
    ADD CONSTRAINT auth_user_group_roles_pkey PRIMARY KEY (auth_user_id, group_id, role_id);


--
-- Name: auth_users auth_users_email_key; Type: CONSTRAINT; Schema: public; Owner: postgres
--

ALTER TABLE ONLY public.auth_users
    ADD CONSTRAINT auth_users_email_key UNIQUE (email);


--
-- Name: auth_users auth_users_idno_key; Type: CONSTRAINT; Schema: public; Owner: postgres
--

ALTER TABLE ONLY public.auth_users
    ADD CONSTRAINT auth_users_idno_key UNIQUE (idno);


--
-- Name: auth_users auth_users_pkey; Type: CONSTRAINT; Schema: public; Owner: postgres
--

ALTER TABLE ONLY public.auth_users
    ADD CONSTRAINT auth_users_pkey PRIMARY KEY (id);


--
-- Name: auth_users auth_users_uuid_key; Type: CONSTRAINT; Schema: public; Owner: postgres
--

ALTER TABLE ONLY public.auth_users
    ADD CONSTRAINT auth_users_uuid_key UNIQUE (uuid);


--
-- Name: component_charts component_charts_pkey; Type: CONSTRAINT; Schema: public; Owner: postgres
--

ALTER TABLE ONLY public.component_charts
    ADD CONSTRAINT component_charts_pkey PRIMARY KEY (index);


--
-- Name: component_maps component_maps_pkey; Type: CONSTRAINT; Schema: public; Owner: postgres
--

ALTER TABLE ONLY public.component_maps
    ADD CONSTRAINT component_maps_pkey PRIMARY KEY (id);


--
-- Name: components components_index_key; Type: CONSTRAINT; Schema: public; Owner: postgres
--

ALTER TABLE ONLY public.components
    ADD CONSTRAINT components_index_key UNIQUE (index);


--
-- Name: components components_pkey; Type: CONSTRAINT; Schema: public; Owner: postgres
--

ALTER TABLE ONLY public.components
    ADD CONSTRAINT components_pkey PRIMARY KEY (id);


--
-- Name: contributors contributors_pkey; Type: CONSTRAINT; Schema: public; Owner: postgres
--

ALTER TABLE ONLY public.contributors
    ADD CONSTRAINT contributors_pkey PRIMARY KEY (id);


--
-- Name: dashboard_groups dashboard_groups_pkey; Type: CONSTRAINT; Schema: public; Owner: postgres
--

ALTER TABLE ONLY public.dashboard_groups
    ADD CONSTRAINT dashboard_groups_pkey PRIMARY KEY (dashboard_id, group_id);


--
-- Name: dashboards dashboards_index_key; Type: CONSTRAINT; Schema: public; Owner: postgres
--

ALTER TABLE ONLY public.dashboards
    ADD CONSTRAINT dashboards_index_key UNIQUE (index);


--
-- Name: dashboards dashboards_pkey; Type: CONSTRAINT; Schema: public; Owner: postgres
--

ALTER TABLE ONLY public.dashboards
    ADD CONSTRAINT dashboards_pkey PRIMARY KEY (id);


--
-- Name: groups groups_pkey; Type: CONSTRAINT; Schema: public; Owner: postgres
--

ALTER TABLE ONLY public.groups
    ADD CONSTRAINT groups_pkey PRIMARY KEY (id);


--
-- Name: incidents incidents_pkey; Type: CONSTRAINT; Schema: public; Owner: postgres
--

ALTER TABLE ONLY public.incidents
    ADD CONSTRAINT incidents_pkey PRIMARY KEY (id);


--
-- Name: issues issues_pkey; Type: CONSTRAINT; Schema: public; Owner: postgres
--

ALTER TABLE ONLY public.issues
    ADD CONSTRAINT issues_pkey PRIMARY KEY (id);


--
-- Name: roles roles_pkey; Type: CONSTRAINT; Schema: public; Owner: postgres
--

ALTER TABLE ONLY public.roles
    ADD CONSTRAINT roles_pkey PRIMARY KEY (id);


--
-- Name: view_points view_points_pkey; Type: CONSTRAINT; Schema: public; Owner: postgres
--

ALTER TABLE ONLY public.view_points
    ADD CONSTRAINT view_points_pkey PRIMARY KEY (id);


--
-- Name: auth_user_group_roles fk_auth_user_group_roles_auth_user; Type: FK CONSTRAINT; Schema: public; Owner: postgres
--

ALTER TABLE ONLY public.auth_user_group_roles
    ADD CONSTRAINT fk_auth_user_group_roles_auth_user FOREIGN KEY (auth_user_id) REFERENCES public.auth_users(id);


--
-- Name: auth_user_group_roles fk_auth_user_group_roles_group; Type: FK CONSTRAINT; Schema: public; Owner: postgres
--

ALTER TABLE ONLY public.auth_user_group_roles
    ADD CONSTRAINT fk_auth_user_group_roles_group FOREIGN KEY (group_id) REFERENCES public.groups(id);


--
-- Name: auth_user_group_roles fk_auth_user_group_roles_role; Type: FK CONSTRAINT; Schema: public; Owner: postgres
--

ALTER TABLE ONLY public.auth_user_group_roles
    ADD CONSTRAINT fk_auth_user_group_roles_role FOREIGN KEY (role_id) REFERENCES public.roles(id);


--
-- Name: dashboard_groups fk_dashboard_groups_dashboard; Type: FK CONSTRAINT; Schema: public; Owner: postgres
--

ALTER TABLE ONLY public.dashboard_groups
    ADD CONSTRAINT fk_dashboard_groups_dashboard FOREIGN KEY (dashboard_id) REFERENCES public.dashboards(id);


--
-- Name: dashboard_groups fk_dashboard_groups_group; Type: FK CONSTRAINT; Schema: public; Owner: postgres
--

ALTER TABLE ONLY public.dashboard_groups
    ADD CONSTRAINT fk_dashboard_groups_group FOREIGN KEY (group_id) REFERENCES public.groups(id);


--
-- Name: groups fk_groups_auth_user; Type: FK CONSTRAINT; Schema: public; Owner: postgres
--

ALTER TABLE ONLY public.groups
    ADD CONSTRAINT fk_groups_auth_user FOREIGN KEY (create_by) REFERENCES public.auth_users(id);


--
-- Name: view_points fk_view_points_auth_user; Type: FK CONSTRAINT; Schema: public; Owner: postgres
--

ALTER TABLE ONLY public.view_points
    ADD CONSTRAINT fk_view_points_auth_user FOREIGN KEY (user_id) REFERENCES public.auth_users(id);


--
-- Name: SCHEMA public; Type: ACL; Schema: -; Owner: postgres
--

REVOKE USAGE ON SCHEMA public FROM PUBLIC;


--
-- PostgreSQL database dump complete
--

